{
    "0": [
        {
            "id": "c01ZgS9Ep9",
            "index": 1,
            "x": 0.03243847874720358,
            "y": 0.04771371769383698,
            "width": 0.2494407158836689,
            "height": 0.2147117296222664,
            "rotation": 0.0
        }
    ]
}
