{
    "0": [
        {
            "index": 0,
            "x": 0.2740492170022371,
            "y": 0.7037773359840954,
            "width": 0.21476510067114093,
            "height": 0.16500994035785288,
            "rotation": 0.0
        }
    ]
}
